timestamp,device_id,cpu_usage_idle,mem_total,mem_used,system_load1,system_load15,system_load5
1723121460,vm101,,4097830912,501190656,0.88,0.11,0.3
1723121470,vm101,53.9354187689,4097830912,535977984,0.9,0.12,0.33
1723121480,vm101,58.8648920141,4097830912,544219136,0.92,0.13,0.35
1723121490,vm101,49.75,4097830912,535728128,1.08,0.15,0.41
1723121500,vm101,49.3740610916,4097830912,476299264,1.15,0.16,0.44
1723121510,vm101,90.8086388749,4097830912,481685504,1.05,0.17,0.44
1723121520,vm101,55.2829243866,4097830912,607842304,1.04,0.18,0.46
1723121530,vm101,47.0883534137,4097830912,829304832,1.03,0.19,0.48
1723121540,vm101,66.4149043303,4097830912,842166272,1.03,0.2,0.5
1723121550,vm101,84.3797086891,4097830912,827691008,0.87,0.19,0.48
1723121560,vm101,16.082164328657,4097830912,1543389184,1.2,0.22,0.56
1723121570,vm101,0.95,4097830912,1556967424,1.47,0.25,0.64
1723121580,vm101,23.5175879397,4097830912,1813753856,1.48,0.27,0.67
1723121590,vm101,58.074222668,4097830912,1916260352,1.4,0.28,0.68
1723121600,vm101,99.3496748374,4097830912,1916260352,1.18,0.27,0.66
1723121610,vm101,99.3984962406,4097830912,1916260352,1,0.27,0.64
1723121620,vm101,99.4494494494,4097830912,1916260352,0.85,0.27,0.62
1723121630,vm101,99.3993993994,4097830912,1916260352,0.72,0.26,0.6
1723121640,vm101,99.5490981963,4097830912,1916260352,0.6,0.26,0.58
1723121650,vm101,98.3483483483,4097830912,1916248064,0.51,0.26,0.56
1723121660,vm101,99.6492985971,4097830912,1916248064,0.43,0.25,0.54
1723121670,vm101,99.4494494494,4097830912,1916116992,0.37,0.25,0.52
1723121680,vm101,96.4982491245,4097830912,1923575808,0.31,0.25,0.5
1723121690,vm101,99.3987975951,4097830912,1923575808,0.26,0.25,0.49
1723121700,vm101,99.3493493493,4097830912,1923575808,0.22,0.24,0.47
1723121710,vm101,99.4989979959,4097830912,1923579904,0.19,0.24,0.45
1723121720,vm101,99.5495495495,4097830912,1923579904,0.16,0.24,0.44
1723121730,vm101,99.4992488733,4097830912,1923579904,0.13,0.23,0.42
1723121740,vm101,99.4497248624,4097830912,1923579904,0.11,0.23,0.41
1723121750,vm101,99.5493239859,4097830912,1923579904,0.09,0.23,0.39
1723121760,vm101,99.4483450351,4097830912,1931706368,0.08,0.22,0.38
1723121770,vm101,99.15,4097830912,1931968512,0.07,0.22,0.37
1723121780,vm101,99.5993990986,4097830912,1931968512,0.06,0.22,0.36
1723121790,vm101,98.8011988011,4097830912,1931866112,0.05,0.22,0.34
1723121800,vm101,99.5989974937,4097830912,1936027648,0.04,0.21,0.33
1723121810,vm101,99.39969985,4097830912,1958014976,0.03,0.21,0.32
1723121820,vm101,99.3990986479,4097830912,1925009408,0.03,0.21,0.31
1723121830,vm101,99.4992488733,4097830912,1925537792,0.02,0.2,0.3
1723121840,vm101,99.45,4097830912,1930252288,0.02,0.2,0.29
1723121850,vm101,99.5991983967,4097830912,1930641408,0.02,0.2,0.28
1723121860,vm101,99.6494742113,4097830912,1930870784,0.01,0.2,0.27
1723121870,vm101,99.55,4097830912,1930919936,0.01,0.19,0.26
1723121880,vm101,99.6494742113,4097830912,1930919936,0.01,0.19,0.25
1723121890,vm101,99.3493493493,4097830912,1930915840,0.01,0.19,0.24
1723121900,vm101,99.5490981963,4097830912,1964724224,0,0.18,0.23
1723121910,vm101,99.5993990986,4097830912,1965502464,0,0.18,0.23
1723121920,vm101,99.4497248624,4097830912,1967665152,0,0.18,0.22
1723121930,vm101,99.4994994994,4097830912,1967247360,0,0.18,0.21
1723121940,vm101,99.39969985,4097830912,1967468544,0,0.17,0.2
1723121950,vm101,99.24887331,4097830912,1924292608,0,0.17,0.2
1723121960,vm101,99.6494742113,4097830912,1921232896,0,0.17,0.19
1723121970,vm101,99.4497248624,4097830912,1921232896,0,0.17,0.18
1723121980,vm101,99.7493734335,4097830912,1921458176,0,0.17,0.17
1723121990,vm101,99.5495495495,4097830912,1921458176,0,0.16,0.17
1723122000,vm101,99.5991983967,4097830912,1929846784,0,0.16,0.16
1723122010,vm101,99.0990990991,4097830912,1930321920,0,0.16,0.16
1723122020,vm101,99.5495495495,4097830912,1930321920,0,0.16,0.15
1723122030,vm101,99.4989979959,4097830912,1948585984,0,0.16,0.15
1723122040,vm101,99.5493239859,4097830912,1968152576,0,0.16,0.14
1723122050,vm101,99.7494989979,4097830912,1980735488,0,0.15,0.14
1723122060,vm101,99.5995995996,4097830912,1980735488,0,0.15,0.13
1723122070,vm101,98.9989989989,4097830912,1970933760,0,0.15,0.13
1723122080,vm101,99.5,4097830912,1970933760,0,0.15,0.12
1723122090,vm101,99.6494742113,4097830912,1970933760,0,0.15,0.12
1723122100,vm101,99.45,4097830912,1946451968,0,0.14,0.11
1723122110,vm101,99.6492985971,4097830912,1963229184,0,0.14,0.11
1723122120,vm101,98.7987987987,4097830912,1957363712,0,0.14,0.1
1723122130,vm101,99.2492492492,4097830912,1954516992,0,0.14,0.1
1723122140,vm101,99.4992488733,4097830912,1963859968,0.15,0.15,0.13
1723122150,vm101,99.5995995996,4097830912,1942233088,0.12,0.14,0.12
1723122160,vm101,99.4502748625,4097830912,1918509056,0.1,0.14,0.12
1723122170,vm101,99.649122807,4097830912,1927520256,0.09,0.14,0.12
1723122180,vm101,99.5495495495,4097830912,1921933312,0.07,0.14,0.11
1723122190,vm101,99.3987975951,4097830912,1956876288,0.22,0.15,0.14
1723122200,vm101,99.5495495495,4097830912,1978839040,0.19,0.15,0.14
1723122210,vm101,99.5,4097830912,1916346368,0.16,0.14,0.13
1723122220,vm101,99.3990986479,4097830912,1932005376,0.13,0.14,0.13
1723122230,vm101,99.4491737606,4097830912,1987043328,0.11,0.14,0.12
1723122240,vm101,99.6494742113,4097830912,1926696960,0.1,0.14,0.12
1723122250,vm101,99.2496248124,4097830912,1937670144,0.08,0.14,0.11
1723122260,vm101,99.6492985971,4097830912,1937670144,0.07,0.13,0.11
1723122270,vm101,99.5991983967,4097830912,1938350080,0.06,0.13,0.1
1723122280,vm101,98.7487487487,4097830912,1942675456,0.05,0.13,0.1
1723122290,vm101,99.5497748874,4097830912,1942675456,0.04,0.13,0.1
1723122300,vm101,99.45,4097830912,1942675456,0.03,0.13,0.09
1723122310,vm101,99.4982438534,4097830912,1942675456,0.03,0.12,0.09
1723122320,vm101,99.3990986479,4097830912,1942904832,0.02,0.12,0.09
1723122330,vm101,99.5991983967,4097830912,1942904832,0.02,0.12,0.08
1723122340,vm101,99.3490235353,4097830912,1942900736,0.02,0.12,0.08
1723122350,vm101,99.5993990986,4097830912,1942900736,0.01,0.12,0.08
1723122360,vm101,99.4997498749,4097830912,1934278656,0.01,0.12,0.07
1723122370,vm101,98.3959899749,4097830912,1935482880,0.01,0.11,0.07
1723122380,vm101,99.5997999,4097830912,1937580032,0.01,0.11,0.07
1723122390,vm101,99.6492985971,4097830912,1950257152,0,0.11,0.07
1723122400,vm101,99.5993990986,4097830912,1959731200,0,0.11,0.06
1723122410,vm101,99.5997999,4097830912,1960054784,0,0.11,0.06
1723122420,vm101,99.6492985971,4097830912,1960792064,0,0.1,0.06
1723122430,vm101,99.4997498749,4097830912,1960787968,0,0.1,0.06
1723122440,vm101,99.6995493239,4097830912,1960787968,0,0.1,0.05
1723122450,vm101,99.6494742113,4097830912,1960787968,0,0.1,0.05
1723122460,vm101,99.6496496496,4097830912,1960787968,0,0.1,0.05
1723122470,vm101,99.4997498749,4097830912,1966977024,0,0.09,0.05
1723122480,vm101,99.6494742113,4097830912,1966977024,0,0.09,0.05
1723122490,vm101,99.3990986479,4097830912,1966977024,0,0.09,0.04
1723122500,vm101,99.5493239859,4097830912,1966977024,0.08,0.1,0.06
1723122510,vm101,99.7496244366,4097830912,1967235072,0.07,0.09,0.06
1723122520,vm101,99.5495495495,4097830912,1967230976,0.06,0.09,0.05
1723122530,vm101,99.6996996997,4097830912,1967468544,0.05,0.09,0.05
1723122540,vm101,99.7498749374,4097830912,1971662848,0.04,0.09,0.05
1723122550,vm101,99.5987963891,4097830912,1975857152,0.03,0.09,0.05
1723122560,vm101,99.5997999,4097830912,1975857152,0.03,0.09,0.05
1723122570,vm101,99.7494989979,4097830912,1975857152,0.02,0.09,0.04
1723122580,vm101,99.6995493239,4097830912,1975857152,0.02,0.08,0.04
1723122590,vm101,99.5502248875,4097830912,1975857152,0.02,0.08,0.04
1723122600,vm101,99.7496244366,4097830912,1975857152,0.01,0.08,0.04
1723122610,vm101,99.2992992993,4097830912,1975857152,0.01,0.08,0.04
1723122620,vm101,99.5997999,4097830912,1976111104,0.01,0.08,0.04
1723122630,vm101,99.6494742113,4097830912,1976111104,0.01,0.08,0.03
1723122640,vm101,99.5493239859,4097830912,1978208256,0,0.08,0.03
1723122650,vm101,99.6992481203,4097830912,1978208256,0,0.08,0.03
1723122660,vm101,99.6496496496,4097830912,1978208256,0,0.08,0.03
1723122670,vm101,99.4994994995,4097830912,1978208256,0,0.08,0.03
1723122680,vm101,99.6498249124,4097830912,1978208256,0,0.08,0.03
1723122690,vm101,99.4486215538,4097830912,1978208256,0,0.07,0.03
1723122700,vm101,99.6496496496,4097830912,1978204160,0,0.07,0.02
1723122710,vm101,99.3490235353,4097830912,1978204160,0,0.07,0.02
1723122720,vm101,99.2996498249,4097830912,1978204160,0,0.07,0.02
1723122730,vm101,99.4987468671,4097830912,1978204160,0,0.07,0.02
1723122740,vm101,99.5497748874,4097830912,1978204160,0,0.07,0.02
1723122750,vm101,99.7494989979,4097830912,1978204160,0,0.07,0.02
1723122760,vm101,99.5495495495,4097830912,1978204160,0,0.07,0.02
1723122770,vm101,99.6496496496,4097830912,1978204160,0,0.07,0.02
1723122780,vm101,99.6995493239,4097830912,1978204160,0,0.07,0.02
1723122790,vm101,99.4994994995,4097830912,1978204160,0,0.06,0.02
1723122800,vm101,99.7494989979,4097830912,1978204160,0,0.06,0.01
1723122810,vm101,99.6494742113,4097830912,1978204160,0,0.06,0.01
1723122820,vm101,99.5497748874,4097830912,1978200064,0,0.06,0.01
1723122830,vm101,99.6496496496,4097830912,1978200064,0,0.06,0.01
1723122840,vm101,99.5995995996,4097830912,1978200064,0,0.06,0.01
1723122850,vm101,99.3993993994,4097830912,1978200064,0,0.06,0.01
1723122860,vm101,99.5495495495,4097830912,1978200064,0,0.06,0.01
1723122870,vm101,99.6492985971,4097830912,1978458112,0,0.06,0.01
1723122880,vm101,99.5997999,4097830912,1978458112,0,0.06,0.01
1723122890,vm101,99.6996996997,4097830912,1978458112,0,0.05,0.01
1723122900,vm101,99.5995995996,4097830912,1978458112,0,0.05,0
1723122910,vm101,99.4488977955,4097830912,1978454016,0,0.05,0
1723122920,vm101,99.5495495495,4097830912,1978454016,0,0.05,0
1723122930,vm101,99.4497248624,4097830912,1978454016,0,0.05,0
1723122940,vm101,99.5989974937,4097830912,1978454016,0,0.05,0
1723122950,vm101,99.5495495495,4097830912,1947865088,0,0.05,0
1723122960,vm101,99.5495495495,4097830912,1947869184,0,0.05,0
1723122970,vm101,99.1991991991,4097830912,1947873280,0,0.05,0
1723122980,vm101,99.6993987975,4097830912,1947873280,0,0.05,0
1723122990,vm101,99.6993987975,4097830912,1947873280,0,0.04,0
1723123000,vm101,99.55,4097830912,1947869184,0,0.04,0
1723123010,vm101,99.7996995493,4097830912,1947869184,0,0.04,0
1723123020,vm101,99.5995995996,4097830912,1947869184,0,0.04,0
1723123030,vm101,99.4997498749,4097830912,1947869184,0,0.04,0
1723123040,vm101,99.6496496496,4097830912,1947869184,0,0.04,0
1723123050,vm101,99.6496496496,4097830912,1947869184,0,0.04,0
1723123060,vm101,99.6995493239,4097830912,1947869184,0,0.04,0
1723123070,vm101,99.5995995996,4097830912,1947869184,0,0.04,0
1723123080,vm101,99.6995493239,4097830912,1947869184,0,0.04,0
1723123090,vm101,99.4494494494,4097830912,1947865088,0,0.04,0
1723123100,vm101,99.6993987975,4097830912,1947865088,0,0.03,0
1723123110,vm101,99.6995493239,4097830912,1947865088,0,0.03,0
1723123120,vm101,99.5997999,4097830912,1947865088,0,0.03,0
1723123130,vm101,99.6496496496,4097830912,1947865088,0,0.03,0
1723123140,vm101,99.6996996997,4097830912,1947865088,0,0.03,0
1723123150,vm101,99.6993987975,4097830912,1947865088,0,0.03,0
1723123160,vm101,99.5495495495,4097830912,1947766784,0,0.03,0
1723123170,vm101,99.7494989979,4097830912,1947766784,0,0.03,0
1723123180,vm101,99.5007488766,4097830912,1947762688,0.07,0.03,0.02
1723123190,vm101,99.649122807,4097830912,1947762688,0.06,0.03,0.02
1723123200,vm101,99.7496244366,4097830912,1947762688,0.05,0.03,0.01
1723123210,vm101,98.6479719579,4097830912,1947762688,0.04,0.03,0.01
1723123220,vm101,91.3913913914,4097830912,1947983872,0.04,0.03,0.01
1723123230,vm101,99.4989979959,4097830912,1947852800,0.03,0.03,0.01
1723123240,vm101,99.55,4097830912,1947852800,0.02,0.03,0.01
1723123250,vm101,48.4468937876,4097830912,2048163840,1.94,0.15,0.41
1723123260,vm101,88.1763527054,4097830912,2058186752,1.64,0.15,0.39
1723123270,vm101,99.4989979959,4097830912,2058186752,1.39,0.15,0.38
1723123280,vm101,99.5493239859,4097830912,2058186752,1.18,0.15,0.37
1723123290,vm101,99.5495495495,4097830912,2058186752,1,0.15,0.36
1723123300,vm101,97.2472472472,4097830912,2063212544,0.92,0.15,0.36
1723123310,vm101,72.1608040201,4097830912,2129838080,0.93,0.16,0.38
1723123320,vm101,54.7320981472,4097830912,2160414720,0.79,0.16,0.37
1723123330,vm101,61.09437751,4097830912,855482368,0.82,0.17,0.39
1723123340,vm101,5.01253132832,4097830912,1582899200,1.08,0.19,0.46
1723123350,vm101,1.799100449775,4097830912,1832038400,1.55,0.24,0.58
1723123360,vm101,55.5220883534,4097830912,1945174016,1.53,0.25,0.61
1723123370,vm101,99.2985971943,4097830912,1945882624,1.29,0.25,0.59
1723123380,vm101,99.3493493493,4097830912,1945882624,1.09,0.24,0.57
1723123390,vm101,98.0952380952,4097830912,1946398720,0.93,0.24,0.55
1723123400,vm101,99.40029985,4097830912,1946398720,0.78,0.24,0.53
1723123410,vm101,99.4488977955,4097830912,1946398720,0.66,0.23,0.51
1723123420,vm101,99.4494494494,4097830912,1946558464,0.56,0.23,0.49
1723123430,vm101,99.5493239859,4097830912,1951268864,0.47,0.23,0.48
1723123440,vm101,99.3490235353,4097830912,1956753408,0.4,0.23,0.46
1723123450,vm101,98.8488488488,4097830912,1956753408,0.34,0.22,0.45
1723123460,vm101,99.4992488733,4097830912,1957011456,0.29,0.22,0.43
1723123470,vm101,99.39969985,4097830912,1958809600,0.24,0.22,0.42
1723123480,vm101,99.6492985971,4097830912,1958809600,0.2,0.21,0.4
1723123490,vm101,99.4994994994,4097830912,1958809600,0.17,0.21,0.39
1723123500,vm101,99.4497248624,4097830912,1958809600,0.14,0.21,0.38
1723123510,vm101,98.8977955911,4097830912,1958805504,0.12,0.2,0.36
1723123520,vm101,99.3496748374,4097830912,1959321600,0.1,0.2,0.35
1723123530,vm101,99.5493239859,4097830912,1959321600,0.09,0.2,0.34
1723123540,vm101,99.6492985971,4097830912,1959321600,0.07,0.2,0.33
1723123550,vm101,99.4497248624,4097830912,1959321600,0.06,0.19,0.32
1723123560,vm101,99.649122807,4097830912,1959321600,0.05,0.19,0.3
1723123570,vm101,99.3493493493,4097830912,1959870464,0.04,0.19,0.29
1723123580,vm101,99.5495495495,4097830912,1959870464,0.04,0.18,0.28
1723123590,vm101,99.2492492492,4097830912,1959739392,0.03,0.18,0.27
1723123600,vm101,99.39969985,4097830912,1959641088,0.02,0.18,0.26
1723123610,vm101,99.5991983967,4097830912,1959641088,0.02,0.18,0.26
1723123620,vm101,99.39969985,4097830912,1960157184,0.02,0.18,0.25
1723123630,vm101,99.2992992992,4097830912,1967804416,0.01,0.17,0.24
1723123640,vm101,99.5995995996,4097830912,1968799744,0.01,0.17,0.23
1723123650,vm101,99.4997498749,4097830912,1971539968,0.01,0.17,0.22
1723123660,vm101,99.5991983967,4097830912,1971544064,0.01,0.17,0.21
1723123670,vm101,99.4997498749,4097830912,1977221120,0.01,0.17,0.21
1723123680,vm101,99.6993987975,4097830912,1977221120,0,0.16,0.2
1723123690,vm101,99.4494494494,4097830912,1977475072,0,0.16,0.19
1723123700,vm101,99.5997999,4097830912,1977470976,0,0.16,0.19
1723123710,vm101,99.5993990986,4097830912,1977470976,0,0.16,0.18
1723123720,vm101,99.5493239859,4097830912,1977470976,0,0.16,0.17
1723123730,vm101,99.6492985971,4097830912,1977470976,0,0.15,0.17
1723123740,vm101,99.5495495495,4097830912,1977470976,0,0.15,0.16
1723123750,vm101,99.5493239859,4097830912,1977470976,0,0.15,0.15
1723123760,vm101,99.6496496496,4097830912,1977470976,0,0.15,0.15
1723123770,vm101,99.6995493239,4097830912,1977729024,0.08,0.15,0.16
1723123780,vm101,99.6492985971,4097830912,1977724928,0.3,0.17,0.2
1723123790,vm101,99.6995493239,4097830912,1977724928,0.25,0.17,0.2
1723123800,vm101,99.6496496496,4097830912,1977724928,0.21,0.16,0.19
1723123810,vm101,99.2996498249,4097830912,1978236928,0.18,0.16,0.18
1723123820,vm101,99.7493734335,4097830912,1978236928,0.15,0.16,0.18
1723123830,vm101,99.6995493239,4097830912,1978236928,0.13,0.16,0.17
1723123840,vm101,99.500249875,4097830912,1982369792,0.11,0.16,0.17
1723123850,vm101,99.5493239859,4097830912,1989050368,0.16,0.16,0.18
1723123860,vm101,99.5989974937,4097830912,2002186240,0.14,0.16,0.17
1723123870,vm101,99.39969985,4097830912,2000379904,0.12,0.16,0.16
1723123880,vm101,99.6995493239,4097830912,2002964480,0.1,0.15,0.16
1723123890,vm101,99.6496496496,4097830912,1999613952,0.08,0.15,0.15
1723123900,vm101,99.5991983967,4097830912,1999618048,0.07,0.15,0.15
1723123910,vm101,99.6494742113,4097830912,1999622144,0.06,0.15,0.14
1723123920,vm101,96.2962962963,4097830912,2007838720,0.05,0.15,0.14
1723123930,vm101,99.5989974937,4097830912,2005446656,0.04,0.14,0.13
1723123940,vm101,99.6498249124,4097830912,2014515200,0.03,0.14,0.13
1723123950,vm101,99.6496496496,4097830912,2029424640,0.03,0.14,0.12
1723123960,vm101,99.6993987975,4097830912,2024263680,0.02,0.14,0.12
1723123970,vm101,99.5495495495,4097830912,2024263680,0.02,0.14,0.11
1723123980,vm101,99.4497248624,4097830912,1996525568,0.02,0.13,0.11
1723123990,vm101,99.4992488733,4097830912,1995075584,0.01,0.13,0.11
1723124000,vm101,99.4992488733,4097830912,1968545792,0.01,0.13,0.1
1723124010,vm101,99.5493239859,4097830912,1968513024,0.01,0.13,0.1
1723124020,vm101,99.5490981963,4097830912,1968476160,0.01,0.13,0.09
1723124030,vm101,99.5,4097830912,1968476160,0.01,0.12,0.09
1723124040,vm101,99.4992488733,4097830912,1968476160,0,0.12,0.09
1723124050,vm101,99.1979949874,4097830912,1968472064,0,0.12,0.08
1723124060,vm101,99.5997999,4097830912,1968472064,0,0.12,0.08
1723124070,vm101,99.5995995996,4097830912,1969201152,0,0.12,0.08
1723124080,vm101,99.5497748874,4097830912,1969201152,0,0.11,0.07
1723124090,vm101,99.4989979959,4097830912,1991053312,0,0.11,0.07
1723124100,vm101,99.6995493239,4097830912,1991053312,0,0.11,0.07
1723124110,vm101,99.4491737606,4097830912,1995247616,0,0.11,0.07
1723124120,vm101,99.6496496496,4097830912,1988374528,0,0.11,0.06
1723124130,vm101,99.4997498749,4097830912,2009346048,0,0.1,0.06
1723124140,vm101,99.5993990986,4097830912,2009341952,0,0.1,0.06
1723124150,vm101,99.5497748874,4097830912,2009341952,0,0.1,0.06
1723124160,vm101,99.5995995996,4097830912,2009341952,0,0.1,0.05
1723124170,vm101,99.1495747873,4097830912,2009341952,0,0.1,0.05
1723124180,vm101,99.6496496496,4097830912,2009341952,0,0.1,0.05
1723124190,vm101,99.6498249124,4097830912,2009341952,0,0.09,0.05
1723124200,vm101,98.8983475212,4097830912,2009341952,0,0.09,0.05
1723124210,vm101,99.6,4097830912,2009341952,0,0.09,0.04
1723124220,vm101,95.4932398597,4097830912,2003472384,0.07,0.09,0.06
1723124230,vm101,99.5993990986,4097830912,2003701760,0.06,0.09,0.06
1723124240,vm101,99.5997999,4097830912,2003701760,0.05,0.09,0.05
1723124250,vm101,99.500249875,4097830912,2003701760,0.04,0.09,0.05
1723124260,vm101,99.4488977955,4097830912,2003636224,0.04,0.09,0.05
1723124270,vm101,99.6494742113,4097830912,2005733376,0.03,0.09,0.05
1723124280,vm101,99.6496496496,4097830912,2014121984,0.02,0.09,0.05
1723124290,vm101,99.39969985,4097830912,2014117888,0.02,0.09,0.04
1723124300,vm101,99.6992481202,4097830912,2014117888,0.02,0.08,0.04
1723124310,vm101,99.5502248875,4097830912,2014375936,0.01,0.08,0.04
1723124320,vm101,99.6494742113,4097830912,2014375936,0.01,0.08,0.04
1723124330,vm101,99.7494989979,4097830912,1982103552,0.01,0.08,0.04
1723124340,vm101,99.6496496496,4097830912,1982103552,0.01,0.08,0.04
1723124350,vm101,99.5490981963,4097830912,1982103552,0.01,0.08,0.03
1723124360,vm101,99.6498249124,4097830912,1986297856,0,0.08,0.03
1723124370,vm101,99.7494989979,4097830912,1986297856,0,0.08,0.03
1723124380,vm101,99.4497248624,4097830912,1986293760,0,0.08,0.03
1723124390,vm101,99.6496496496,4097830912,1986293760,0,0.08,0.03
1723124400,vm101,99.7494989979,4097830912,1986293760,0,0.07,0.03
1723124410,vm101,99.4992488733,4097830912,1986293760,0,0.07,0.03
1723124420,vm101,99.3496748374,4097830912,1986707456,0,0.07,0.02
1723124430,vm101,99.6995493239,4097830912,1986707456,0,0.07,0.02
1723124440,vm101,99.6995493239,4097830912,1986707456,0,0.07,0.02
1723124450,vm101,99.5997999,4097830912,1986707456,0,0.07,0.02
1723124460,vm101,99.3493493493,4097830912,1986707456,0,0.07,0.02
1723124470,vm101,99.4989979959,4097830912,1986703360,0,0.07,0.02
1723124480,vm101,99.3990986479,4097830912,1986703360,0,0.07,0.02
1723124490,vm101,99.1995997999,4097830912,1986703360,0,0.07,0.02
1723124500,vm101,99.5993990986,4097830912,1986932736,0,0.06,0.02
1723124510,vm101,99.6494742113,4097830912,1986932736,0,0.06,0.02
1723124520,vm101,99.5493239859,4097830912,1986932736,0,0.06,0.01
1723124530,vm101,99.0485728592,4097830912,1986932736,0,0.06,0.01
1723124540,vm101,99.5497748874,4097830912,1986932736,0,0.06,0.01
1723124550,vm101,99.6995493239,4097830912,1986932736,0,0.06,0.01
1723124560,vm101,99.5997999,4097830912,1986928640,0,0.06,0.01
1723124570,vm101,99.5497748874,4097830912,1986928640,0,0.06,0.01
1723124580,vm101,99.6494742113,4097830912,1986928640,0,0.06,0.01
1723124590,vm101,99.5493239859,4097830912,1986928640,0,0.06,0.01
1723124600,vm101,99.6995493239,4097830912,1986928640,0,0.06,0.01
1723124610,vm101,99.5497748874,4097830912,1986928640,0,0.05,0.01
1723124620,vm101,99.5495495495,4097830912,1986928640,0,0.05,0
1723124630,vm101,99.5495495495,4097830912,1986928640,0,0.05,0
1723124640,vm101,99.5495495495,4097830912,1986928640,0,0.05,0
1723124650,vm101,99.3990986479,4097830912,1987186688,0,0.05,0
1723124660,vm101,99.6494742113,4097830912,1987186688,0,0.05,0
1723124670,vm101,99.4994994995,4097830912,1987960832,0,0.05,0
1723124680,vm101,99.5497748874,4097830912,1987956736,0,0.05,0
1723124690,vm101,99.6494742113,4097830912,1987956736,0,0.05,0
1723124700,vm101,99.6496496496,4097830912,1987956736,0,0.05,0
1723124710,vm101,99.4994994995,4097830912,1987956736,0,0.04,0
1723124720,vm101,99.5995995996,4097830912,1988214784,0,0.04,0
1723124730,vm101,99.6995493239,4097830912,1988214784,0,0.04,0
1723124740,vm101,99.5995995996,4097830912,1988214784,0,0.04,0
1723124750,vm101,99.7494989979,4097830912,1988214784,0,0.04,0
1723124760,vm101,99.4997498749,4097830912,1988214784,0,0.04,0
1723124770,vm101,99.5493239859,4097830912,1988468736,0,0.04,0
1723124780,vm101,99.6496496496,4097830912,1988472832,0,0.04,0
1723124790,vm101,99.5995995995,4097830912,1988472832,0,0.04,0
1723124800,vm101,99.6496496496,4097830912,1988472832,0,0.04,0
1723124810,vm101,99.7493734335,4097830912,1988472832,0,0.03,0
1723124820,vm101,99.5497748874,4097830912,1988472832,0,0.03,0
1723124830,vm101,99.3496748374,4097830912,1988468736,0,0.03,0
1723124840,vm101,99.7494989979,4097830912,1988468736,0,0.03,0
1723124850,vm101,99.5997999,4097830912,1988468736,0,0.03,0
1723124860,vm101,99.6494742113,4097830912,1988464640,0,0.03,0
1723124870,vm101,99.6996996997,4097830912,1988464640,0,0.03,0
1723124880,vm101,99.6494742113,4097830912,1988464640,0,0.03,0
1723124890,vm101,99.5495495495,4097830912,1988464640,0,0.03,0
1723124900,vm101,99.6995493239,4097830912,1988464640,0,0.03,0
1723124910,vm101,99.7994987468,4097830912,1988464640,0.08,0.03,0.02
1723124920,vm101,99.5995995996,4097830912,1988464640,0.07,0.03,0.02
1723124930,vm101,99.6996996996,4097830912,1988464640,0.06,0.03,0.01
1723124940,vm101,99.7496244366,4097830912,1988464640,0.05,0.03,0.01
1723124950,vm101,99.4994994994,4097830912,1988460544,0.04,0.03,0.01
1723124960,vm101,99.5997999,4097830912,1988460544,0.03,0.03,0.01
1723124970,vm101,99.7494989979,4097830912,1988460544,0.03,0.02,0.01
1723124980,vm101,99.5497748874,4097830912,1988460544,0.02,0.02,0.01
1723124990,vm101,99.6995493239,4097830912,1988460544,0.02,0.02,0.01
1723125000,vm101,99.6995493239,4097830912,1988460544,0.02,0.02,0.01
1723125010,vm101,99.4997498749,4097830912,1992654848,0.01,0.02,0.01
1723125020,vm101,99.5993990986,4097830912,1992650752,0.01,0.02,0.01
1723125030,vm101,99.6,4097830912,1992650752,0.01,0.02,0
1723125040,vm101,99.6494742113,4097830912,1992646656,0.01,0.02,0
1723125050,vm101,99.6494742113,4097830912,1992646656,0,0.02,0
1723125060,vm101,99.6995493239,4097830912,1992646656,0,0.02,0
1723125070,vm101,99.5493239859,4097830912,1992646656,0,0.02,0
1723125080,vm101,99.5497748874,4097830912,1992646656,0,0.01,0
1723125090,vm101,99.5995995996,4097830912,1992646656,0,0.01,0
1723125100,vm101,99.5490981963,4097830912,1992646656,0,0.01,0
1723125110,vm101,99.6494742113,4097830912,1992646656,0,0.01,0
1723125120,vm101,99.24887331,4097830912,1992663040,0,0.01,0
1723125130,vm101,99.4994994994,4097830912,1992658944,0,0.01,0
1723125140,vm101,99.7494989979,4097830912,1992658944,0,0.01,0
1723125150,vm101,99.6496496496,4097830912,1992658944,0,0.01,0
1723125160,vm101,99.6492985971,4097830912,1992658944,0,0.01,0
1723125170,vm101,99.4488977955,4097830912,1992527872,0,0.01,0
1723125180,vm101,99.55,4097830912,1992527872,0,0,0
1723125190,vm101,99.5991983967,4097830912,1992527872,0,0,0
1723125200,vm101,99.5995995996,4097830912,1992527872,0,0,0
1723125210,vm101,99.5997999,4097830912,1992527872,0,0,0
1723125220,vm101,99.5989974937,4097830912,1992523776,0,0,0
1723125230,vm101,99.6998499249,4097830912,1992523776,0,0,0
1723125240,vm101,99.6993987975,4097830912,1992523776,0,0,0
1723125250,vm101,99.4997498749,4097830912,1992523776,0,0,0
1723125260,vm101,99.6496496496,4097830912,1992523776,0.07,0,0.02
1723125270,vm101,99.5991983967,4097830912,1992523776,0.06,0,0.02
1723125280,vm101,99.6494742113,4097830912,1992523776,0.05,0,0.01
1723125290,vm101,99.6993987975,4097830912,1992523776,0.04,0,0.01
1723125300,vm101,99.55,4097830912,1992523776,0.04,0,0.01
1723125310,vm101,99.649122807,4097830912,1992519680,0.03,0,0.01
1723125320,vm101,99.5997999,4097830912,1992568832,0.02,0,0.01
1723125330,vm101,99.6995493239,4097830912,1992568832,0.02,0,0.01
1723125340,vm101,99.6494742113,4097830912,1992568832,0.02,0,0.01
1723125350,vm101,99.6995493239,4097830912,1992568832,0.01,0,0.01
1723125360,vm101,99.6498249124,4097830912,1992564736,0.01,0,0.01
1723125370,vm101,99.5495495495,4097830912,1992564736,0.01,0,0.01
1723125380,vm101,99.6492985971,4097830912,1992564736,0.01,0,0
1723125390,vm101,99.6498249124,4097830912,1992564736,0.01,0,0
1723125400,vm101,99.6995493239,4097830912,1992564736,0,0,0
1723125410,vm101,99.6496496496,4097830912,1992564736,0,0,0
1723125420,vm101,99.6492985971,4097830912,1992564736,0,0,0
1723125430,vm101,99.5995995996,4097830912,1992560640,0,0,0
1723125440,vm101,99.6995493239,4097830912,1992560640,0,0,0
1723125450,vm101,99.5993990986,4097830912,1992560640,0,0,0
1723125460,vm101,99.5495495495,4097830912,1992560640,0,0,0
1723125470,vm101,99.39969985,4097830912,2014720000,0,0,0
1723125480,vm101,99.6492985971,4097830912,2014720000,0,0,0
1723125490,vm101,99.5995995996,4097830912,2014720000,0,0,0
1723125500,vm101,99.6498249124,4097830912,2014720000,0,0,0
1723125510,vm101,99.5995995996,4097830912,1985318912,0,0,0
1723125520,vm101,99.6494742113,4097830912,1985314816,0,0,0
1723125530,vm101,99.6496496496,4097830912,1985314816,0,0,0
1723125540,vm101,99.6995493239,4097830912,1985314816,0,0,0
1723125550,vm101,99.4997498749,4097830912,1985314816,0,0,0
1723125560,vm101,99.6494742113,4097830912,1985314816,0,0,0
1723125570,vm101,99.6995493239,4097830912,1985314816,0,0,0
1723125580,vm101,99.5995995996,4097830912,1985314816,0,0,0
1723125590,vm101,99.5,4097830912,1985314816,0,0,0
1723125600,vm101,99.6995493239,4097830912,1985314816,0,0,0
1723125610,vm101,99.4491737606,4097830912,1985560576,0,0,0
1723125620,vm101,99.6995493239,4097830912,1985560576,0,0,0
1723125630,vm101,99.7494989979,4097830912,1985560576,0,0,0
1723125640,vm101,99.5995995996,4097830912,1985560576,0,0,0
1723125650,vm101,99.6995493239,4097830912,1985560576,0,0,0
1723125660,vm101,99.7496244366,4097830912,1985560576,0,0,0
1723125670,vm101,99.3993993993,4097830912,1986334720,0,0,0
1723125680,vm101,99.6492985971,4097830912,1986334720,0,0,0
1723125690,vm101,99.6995493239,4097830912,1986334720,0,0,0
1723125700,vm101,99.5993990986,4097830912,1986330624,0,0,0
1723125710,vm101,99.6995493239,4097830912,1986330624,0,0,0
1723125720,vm101,98.7481221832,4097830912,1986330624,0,0,0
1723125730,vm101,99.6492985971,4097830912,1986330624,0,0,0
1723125740,vm101,99.6498249124,4097830912,1986330624,0,0,0
1723125750,vm101,99.5495495495,4097830912,1986330624,0,0,0
1723125760,vm101,99.6995493239,4097830912,1986560000,0,0,0
1723125770,vm101,99.6496496496,4097830912,1986560000,0,0,0
1723125780,vm101,99.7494989979,4097830912,1986560000,0,0,0
1723125790,vm101,99.5993990986,4097830912,1986555904,0,0,0
1723125800,vm101,99.5997999,4097830912,1986555904,0,0,0
1723125810,vm101,99.5989974937,4097830912,1986555904,0,0,0
1723125820,vm101,99.3496748374,4097830912,1986555904,0,0,0
1723125830,vm101,99.5993990986,4097830912,1986555904,0,0,0
1723125840,vm101,99.5493239859,4097830912,1986555904,0,0,0
1723125850,vm101,99.3483709273,4097830912,1986555904,0,0,0
1723125860,vm101,99.4997498749,4097830912,1986555904,0,0,0
1723125870,vm101,99.4491737606,4097830912,1987072000,0,0,0
1723125880,vm101,99.35,4097830912,1987067904,0,0,0
1723125890,vm101,99.5989974937,4097830912,1987067904,0,0,0
1723125900,vm101,99.4497248624,4097830912,1987067904,0,0,0
1723125910,vm101,99.4987468671,4097830912,1987067904,0,0,0
1723125920,vm101,99.6496496496,4097830912,1987842048,0,0,0
1723125930,vm101,99.5004995004,4097830912,1987842048,0,0,0
1723125940,vm101,99.5490981963,4097830912,1987842048,0,0,0
1723125950,vm101,99.6993987975,4097830912,1987842048,0,0,0
1723125960,vm101,99.5497748874,4097830912,1987842048,0,0,0
1723125970,vm101,99.4488977955,4097830912,1988096000,0,0,0
1723125980,vm101,99.6494742113,4097830912,1988096000,0,0,0
1723125990,vm101,99.5993990986,4097830912,1988096000,0,0,0
1723126000,vm101,99.4502748625,4097830912,1988096000,0,0,0
1723126010,vm101,99.6995493239,4097830912,1988096000,0,0,0
1723126020,vm101,99.4997498749,4097830912,1988096000,0,0,0
1723126030,vm101,99.649122807,4097830912,1988091904,0,0,0
1723126040,vm101,99.6995493239,4097830912,1988091904,0,0,0
1723126050,vm101,99.7496244366,4097830912,1988091904,0,0,0
1723126060,vm101,99.5993990986,4097830912,1988091904,0,0,0
1723126070,vm101,99.5997999,4097830912,1988091904,0,0,0
1723126080,vm101,99.5997999,4097830912,1988091904,0,0,0
1723126090,vm101,99.6492985971,4097830912,1988087808,0,0,0
1723126100,vm101,99.7496244366,4097830912,1988087808,0,0,0
1723126110,vm101,99.6995493239,4097830912,1988087808,0,0,0
1723126120,vm101,99.6496496496,4097830912,1988087808,0,0,0
1723126130,vm101,99.7494989979,4097830912,1988087808,0,0,0
1723126140,vm101,99.6496496496,4097830912,1988087808,0,0,0
1723126150,vm101,99.5497748874,4097830912,1988087808,0,0,0
1723126160,vm101,99.7494989979,4097830912,1988087808,0,0,0
1723126170,vm101,99.7496244366,4097830912,1988087808,0,0,0
1723126180,vm101,99.5995995996,4097830912,1988083712,0,0,0
1723126190,vm101,99.7496244366,4097830912,1988083712,0,0,0
1723126200,vm101,99.5495495495,4097830912,1988083712,0,0,0
1723126210,vm101,99.5991983967,4097830912,1988083712,0,0,0
1723126220,vm101,99.5995995996,4097830912,1988079616,0,0,0
1723126230,vm101,99.4997498749,4097830912,1988079616,0,0,0
1723126240,vm101,99.5495495495,4097830912,1988079616,0,0,0
1723126250,vm101,99.6489468405,4097830912,1988079616,0,0,0
1723126260,vm101,99.6492985971,4097830912,1988079616,0,0,0
1723126270,vm101,99.39969985,4097830912,1988075520,0,0,0
1723126280,vm101,99.6993987975,4097830912,1988075520,0,0,0
1723126290,vm101,99.6995493239,4097830912,1988075520,0,0,0
1723126300,vm101,99.6993987975,4097830912,1988075520,0.15,0.01,0.03
1723126310,vm101,99.6995493239,4097830912,1988075520,0.12,0.01,0.03
1723126320,vm101,99.2996498249,4097830912,1988075520,0.1,0.01,0.03
1723126330,vm101,99.5993990986,4097830912,1988075520,0.09,0.01,0.03
1723126340,vm101,99.6995493239,4097830912,1988075520,0.07,0.01,0.03
1723126350,vm101,99.7494989979,4097830912,1988075520,0.06,0.01,0.03
1723126360,vm101,99.6995493239,4097830912,1988071424,0.05,0,0.02
1723126370,vm101,99.6,4097830912,1988071424,0.04,0,0.02
1723126380,vm101,99.6496496496,4097830912,1988071424,0.12,0.01,0.04
1723126390,vm101,99.5993990986,4097830912,1988071424,0.1,0.01,0.04
1723126400,vm101,99.6496496496,4097830912,1988071424,0.08,0.01,0.04
1723126410,vm101,99.6996996997,4097830912,1988071424,0.07,0.01,0.03
1723126420,vm101,99.4994994994,4097830912,1988071424,0.06,0,0.03
1723126430,vm101,99.6496496496,4097830912,1988071424,0.05,0,0.03
1723126440,vm101,99.6995493239,4097830912,1988071424,0.04,0,0.03
1723126450,vm101,99.5495495495,4097830912,1988067328,0.03,0,0.03
1723126460,vm101,99.6996996996,4097830912,1988067328,0.03,0,0.03
1723126470,vm101,99.5995995996,4097830912,1988067328,0.02,0,0.03
1723126480,vm101,99.6993987975,4097830912,1988067328,0.02,0,0.02
1723126490,vm101,99.6995493239,4097830912,1988067328,0.02,0,0.02
1723126500,vm101,99.6496496496,4097830912,1988067328,0.01,0,0.02
1723126510,vm101,99.39969985,4097830912,1988067328,0.01,0,0.02
1723126520,vm101,99.4994994994,4097830912,1988296704,0.01,0,0.02
1723126530,vm101,99.6993987975,4097830912,1988296704,0.01,0,0.02
1723126540,vm101,99.5995995996,4097830912,1988292608,0,0,0.02
1723126550,vm101,99.5993990986,4097830912,1988292608,0,0,0.02
1723126560,vm101,99.5495495495,4097830912,1988292608,0,0,0.02
1723126570,vm101,99.5991983967,4097830912,1988808704,0,0,0.02
1723126580,vm101,99.5495495495,4097830912,1988808704,0,0,0.02
1723126590,vm101,99.6,4097830912,1988812800,0,0,0.01
1723126600,vm101,99.7493734335,4097830912,1988812800,0,0,0.01
1723126610,vm101,99.6995493239,4097830912,1988812800,0,0,0.01
1723126620,vm101,99.5995995996,4097830912,1989328896,0,0,0.01
1723126630,vm101,99.3990986479,4097830912,1989324800,0,0,0.01
1723126640,vm101,99.6492985971,4097830912,1989324800,0,0,0.01
1723126650,vm101,99.3503248375,4097830912,1989324800,0,0,0.01
1723126660,vm101,99.5987963891,4097830912,1989324800,0,0,0.01
1723126670,vm101,99.5495495495,4097830912,1989324800,0,0,0.01
1723126680,vm101,99.6492985971,4097830912,1989324800,0,0,0.01
1723126690,vm101,99.4491737606,4097830912,1989324800,0,0,0
1723126700,vm101,99.7492477432,4097830912,1989324800,0,0,0
1723126710,vm101,99.5995995996,4097830912,1989324800,0,0,0
1723126720,vm101,99.5495495495,4097830912,1989320704,0,0,0
1723126730,vm101,99.5493239859,4097830912,1989320704,0,0,0
1723126740,vm101,99.5493239859,4097830912,1989320704,0,0,0
1723126750,vm101,99.4486215538,4097830912,1989320704,0,0,0
1723126760,vm101,99.5,4097830912,1989320704,0,0,0
1723126770,vm101,99.5991983967,4097830912,1989320704,0,0,0
1723126780,vm101,99.5991983967,4097830912,1989320704,0,0,0
1723126790,vm101,99.5997999,4097830912,1989320704,0,0,0
1723126800,vm101,99.5997999,4097830912,1989320704,0,0,0
1723126810,vm101,99.0986479719,4097830912,1989320704,0,0,0
1723126820,vm101,99.6494742113,4097830912,1989316608,0,0,0
1723126830,vm101,99.6498249124,4097830912,1989316608,0,0,0
1723126840,vm101,99.7493734335,4097830912,1989316608,0,0,0
1723126850,vm101,99.5495495495,4097830912,1989316608,0,0,0
1723126860,vm101,99.5495495495,4097830912,1989316608,0,0,0
1723126870,vm101,99.5493239859,4097830912,1989316608,0,0,0
1723126880,vm101,99.6492985971,4097830912,1989316608,0,0,0
1723126890,vm101,99.5995995996,4097830912,1989316608,0,0,0
1723126900,vm101,99.6492985971,4097830912,1989316608,0,0,0
1723126910,vm101,99.5997999,4097830912,1989316608,0,0,0
1723126920,vm101,99.3493493493,4097830912,1989316608,0,0,0
1723126930,vm101,99.5493239859,4097830912,1989312512,0,0,0
1723126940,vm101,99.5997999,4097830912,1989312512,0,0,0
1723126950,vm101,99.7493734335,4097830912,1989312512,0,0,0
1723126960,vm101,99.5995995996,4097830912,1989312512,0,0,0
1723126970,vm101,99.5995995996,4097830912,1989312512,0,0,0
1723126980,vm101,99.6496496496,4097830912,1989312512,0,0,0
1723126990,vm101,99.4494494494,4097830912,1989312512,0,0,0
1723127000,vm101,99.6995493239,4097830912,1989312512,0,0,0
1723127010,vm101,99.6496496496,4097830912,1989312512,0,0,0
1723127020,vm101,99.5495495495,4097830912,1989308416,0,0,0
1723127030,vm101,99.4994994994,4097830912,1989308416,0,0,0
1723127040,vm101,99.5995995996,4097830912,1989308416,0,0,0
1723127050,vm101,99.4497248624,4097830912,1989308416,0,0,0
1723127060,vm101,99.5993990986,4097830912,1989308416,0,0,0
1723127070,vm101,99.6492985971,4097830912,1989824512,0,0,0
1723127080,vm101,99.5497748874,4097830912,1989722112,0,0,0
1723127090,vm101,99.5989974937,4097830912,1989693440,0,0,0
1723127100,vm101,99.6494742113,4097830912,1989693440,0,0,0
1723127110,vm101,99.4491737606,4097830912,1989689344,0,0,0
1723127120,vm101,99.5495495495,4097830912,1989689344,0,0,0
1723127130,vm101,99.7494989979,4097830912,1989689344,0,0,0
1723127140,vm101,99.4997498749,4097830912,1989689344,0,0,0
1723127150,vm101,99.6995493239,4097830912,1989689344,0,0,0
1723127160,vm101,99.6993987975,4097830912,1989689344,0,0,0
1723127170,vm101,99.3993993994,4097830912,1990205440,0,0,0
1723127180,vm101,99.5495495495,4097830912,1990205440,0,0,0
1723127190,vm101,99.5995995996,4097830912,1990205440,0,0,0
1723127200,vm101,99.6995493239,4097830912,1990201344,0,0,0
1723127210,vm101,99.5997999,4097830912,1990201344,0,0,0
1723127220,vm101,99.5495495495,4097830912,1990201344,0,0,0
1723127230,vm101,99.24887331,4097830912,1990230016,0,0,0
1723127240,vm101,99.55,4097830912,1990230016,0,0,0
1723127250,vm101,99.6494742113,4097830912,1990230016,0,0,0
1723127260,vm101,99.5991983967,4097830912,1990230016,0,0,0
1723127270,vm101,99.5502248875,4097830912,1990230016,0,0,0
1723127280,vm101,99.6995493239,4097830912,1990230016,0,0,0
1723127290,vm101,99.6992481203,4097830912,1990225920,0,0,0
1723127300,vm101,99.6496496496,4097830912,1990225920,0,0,0
1723127310,vm101,99.6496496496,4097830912,1990225920,0,0,0
1723127320,vm101,99.6498249124,4097830912,1990225920,0,0,0
1723127330,vm101,99.6995493239,4097830912,1990225920,0,0,0
1723127340,vm101,99.6996996997,4097830912,1990225920,0.07,0,0.02
1723127350,vm101,99.5495495495,4097830912,1990225920,0.06,0,0.02
1723127360,vm101,99.6996996996,4097830912,1990225920,0.05,0,0.01
1723127370,vm101,99.5995995996,4097830912,1990225920,0.04,0,0.01
1723127380,vm101,99.6492985971,4097830912,1990221824,0.04,0,0.01
1723127390,vm101,99.6996996997,4097830912,1990221824,0.03,0,0.01
1723127400,vm101,99.7494989979,4097830912,1990221824,0.02,0,0.01
1723127410,vm101,99.39969985,4097830912,1990221824,0.02,0,0.01
1723127420,vm101,99.6992481203,4097830912,1990225920,0.02,0,0.01
1723127430,vm101,99.5495495495,4097830912,1990225920,0.01,0,0.01
1723127440,vm101,99.649122807,4097830912,1990225920,0.01,0,0.01
1723127450,vm101,99.4997498749,4097830912,1990225920,0.01,0,0.01
1723127460,vm101,99.1995997999,4097830912,1989931008,0.01,0,0
1723127470,vm101,99.4992488733,4097830912,1989926912,0.01,0,0
1723127480,vm101,99.649122807,4097830912,1989926912,0,0,0
1723127490,vm101,99.4502748625,4097830912,1989926912,0,0,0
1723127500,vm101,99.4494494494,4097830912,1990184960,0,0,0
1723127510,vm101,99.5995995996,4097830912,1990053888,0,0,0
1723127520,vm101,99.2996498249,4097830912,1990053888,0.08,0.01,0.02
1723127530,vm101,99.4989979959,4097830912,1990053888,0.07,0,0.02
1723127540,vm101,99.7496244366,4097830912,1990053888,0.06,0,0.01
1723127550,vm101,99.7494989979,4097830912,1990053888,0.05,0,0.01
1723127560,vm101,77.3273273273,4097830912,2069757952,0.12,0.01,0.03
1723127570,vm101,62.3246492986,4097830912,2177622016,0.26,0.02,0.06
1723127580,vm101,51.0040160643,4097830912,2180575232,0.37,0.03,0.09
1723127590,vm101,42.042042042046,4097830912,1538314240,0.55,0.04,0.14
1723127600,vm101,1.151727591384,4097830912,1648615424,1.08,0.09,0.27
1723127610,vm101,8.475426278838,4097830912,1946382336,1.14,0.1,0.31
1723127620,vm101,87.3309964947,4097830912,1962635264,1.04,0.11,0.31
1723127630,vm101,99.4997498749,4097830912,1962631168,0.88,0.11,0.3
1723127640,vm101,99.5991983967,4097830912,1962631168,0.74,0.1,0.29
1723127650,vm101,98.3491745872,4097830912,1962889216,0.63,0.1,0.28
1723127660,vm101,99.4992488733,4097830912,1962893312,0.53,0.1,0.27
1723127670,vm101,99.4488977955,4097830912,1964437504,0.45,0.1,0.26
1723127680,vm101,99.5993990986,4097830912,1964433408,0.38,0.1,0.26
1723127690,vm101,99.39969985,4097830912,1964433408,0.32,0.09,0.25
1723127700,vm101,99.4,4097830912,1964433408,0.27,0.09,0.24
1723127710,vm101,99.4491737606,4097830912,1964433408,0.23,0.09,0.23
1723127720,vm101,99.5490981963,4097830912,1965465600,0.19,0.09,0.22
1723127730,vm101,99.4994994995,4097830912,1965465600,0.16,0.09,0.21
1723127740,vm101,99.5493239859,4097830912,1965473792,0.14,0.09,0.21
1723127750,vm101,99.5495495495,4097830912,1965473792,0.12,0.09,0.2
1723127760,vm101,99.049049049,4097830912,1965473792,0.1,0.09,0.19
1723127770,vm101,99.049049049,4097830912,1965989888,0.08,0.08,0.18
1723127780,vm101,99.5995995996,4097830912,1965989888,0.07,0.08,0.18
1723127790,vm101,99.5993990986,4097830912,1965989888,0.06,0.08,0.17
1723127800,vm101,99.5997999,4097830912,1965985792,0.05,0.08,0.17
1723127810,vm101,99.6492985971,4097830912,1965985792,0.04,0.08,0.16
1723127820,vm101,99.45,4097830912,1965985792,0.03,0.08,0.15
1723127830,vm101,99.5495495495,4097830912,1965985792,0.03,0.08,0.15
1723127840,vm101,99.5495495495,4097830912,1965985792,0.02,0.08,0.14
1723127850,vm101,99.5495495495,4097830912,1965985792,0.02,0.08,0.14
1723127860,vm101,99.5991983968,4097830912,1965985792,0.02,0.08,0.13
1723127870,vm101,99.5495495495,4097830912,1971425280,0.01,0.07,0.13
1723127880,vm101,99.6494742113,4097830912,1971425280,0.01,0.07,0.12
1723127890,vm101,99.5490981964,4097830912,1971421184,0.01,0.07,0.12
1723127900,vm101,99.5502248875,4097830912,1971478528,0.01,0.07,0.11
1723127910,vm101,99.6995493239,4097830912,1971494912,0,0.07,0.11
1723127920,vm101,99.5997999,4097830912,1971494912,0,0.07,0.11
1723127930,vm101,99.5493239859,4097830912,1971503104,0,0.07,0.1
1723127940,vm101,99.6995493239,4097830912,1971503104,0,0.07,0.1
1723127950,vm101,99.4494494494,4097830912,1971499008,0,0.07,0.09
1723127960,vm101,99.6496496496,4097830912,1971499008,0,0.07,0.09
1723127970,vm101,99.5495495495,4097830912,1971499008,0,0.06,0.09
1723127980,vm101,99.5495495495,4097830912,1971499008,0,0.06,0.08
1723127990,vm101,99.6496496496,4097830912,1971499008,0,0.06,0.08
1723128000,vm101,99.6494742113,4097830912,1971499008,0,0.06,0.08
1723128010,vm101,99.5991983967,4097830912,1971499008,0,0.06,0.08
1723128020,vm101,99.4,4097830912,1971499008,0,0.06,0.07
1723128030,vm101,99.5495495495,4097830912,1971499008,0,0.06,0.07
1723128040,vm101,99.5493239859,4097830912,1972264960,0,0.06,0.07
1723128050,vm101,99.5995995996,4097830912,1972264960,0,0.06,0.06
1723128060,vm101,99.6995493239,4097830912,1972264960,0,0.06,0.06
1723128070,vm101,99.39969985,4097830912,1972264960,0,0.06,0.06
1723128080,vm101,99.5997999,4097830912,1972264960,0,0.05,0.06
1723128090,vm101,99.6992481202,4097830912,1972264960,0,0.05,0.05
1723128100,vm101,99.5497748874,4097830912,1972264960,0,0.05,0.05
1723128110,vm101,99.6496496496,4097830912,1972264960,0,0.05,0.05
1723128120,vm101,96.6432865731,4097830912,1981296640,0.16,0.06,0.08
1723128130,vm101,99.45,4097830912,1981292544,0.13,0.06,0.08
1723128140,vm101,99.6498249124,4097830912,1981292544,0.11,0.06,0.08
1723128150,vm101,99.6995493239,4097830912,1981292544,0.17,0.06,0.09
1723128160,vm101,99.5995995996,4097830912,1981292544,0.14,0.06,0.09
1723128170,vm101,99.4997498749,4097830912,1981808640,0.12,0.06,0.08
1723128180,vm101,99.5993990986,4097830912,1985228800,0.1,0.06,0.08
1723128190,vm101,99.5493239859,4097830912,1986473984,0.09,0.06,0.08
1723128200,vm101,99.6995493239,4097830912,1995313152,0.07,0.06,0.07
1723128210,vm101,99.6496496496,4097830912,2008428544,0.14,0.06,0.09
1723128220,vm101,99.3993993993,4097830912,2008936448,0.12,0.06,0.08
1723128230,vm101,99.5488721804,4097830912,2008903680,0.1,0.06,0.08
1723128240,vm101,99.4497248624,4097830912,2009423872,0.08,0.06,0.08
1723128250,vm101,99.1991991992,4097830912,1977516032,0.07,0.06,0.08
1723128260,vm101,99.3993993993,4097830912,1994293248,0.06,0.06,0.07
1723128270,vm101,99.4486215538,4097830912,1977933824,0.05,0.06,0.07
1723128280,vm101,99.4497248624,4097830912,1994166272,0.04,0.06,0.07
1723128290,vm101,99.6496496496,4097830912,1994686464,0.04,0.06,0.06
1723128300,vm101,99.6494742113,4097830912,2003464192,0.03,0.06,0.06
1723128310,vm101,99,4097830912,2016108544,0.02,0.05,0.06
1723128320,vm101,99.5993990986,4097830912,2015854592,0.02,0.05,0.06
1723128330,vm101,99.5495495495,4097830912,2009149440,0.02,0.05,0.05
1723128340,vm101,99.5993990986,4097830912,2009149440,0.01,0.05,0.05
1723128350,vm101,99.6494742113,4097830912,2013343744,0.01,0.05,0.05
1723128360,vm101,99.40029985,4097830912,2013360128,0.01,0.05,0.05
1723128370,vm101,99.3993993994,4097830912,2013360128,0.01,0.05,0.05
1723128380,vm101,99.6996996996,4097830912,2013360128,0.15,0.06,0.08
1723128390,vm101,99.6496496496,4097830912,2013360128,0.13,0.06,0.08
1723128400,vm101,99.45,4097830912,2013360128,0.11,0.06,0.07
1723128410,vm101,99.6992481202,4097830912,2013360128,0.09,0.06,0.07
1723128420,vm101,99.4992488733,4097830912,2013360128,0.08,0.06,0.07
1723128430,vm101,99.0990990991,4097830912,1978839040,0.06,0.05,0.06
1723128440,vm101,99.649122807,4097830912,1983033344,0.05,0.05,0.06
1723128450,vm101,99.6494742113,4097830912,1983033344,0.05,0.05,0.06
1723128460,vm101,99.4997498749,4097830912,1991421952,0.04,0.05,0.06
1723128470,vm101,99.6995493239,4097830912,2003554304,0.03,0.05,0.05
1723128480,vm101,99.4992488733,4097830912,2018234368,0.03,0.05,0.05
1723128490,vm101,99.4491737606,4097830912,2018463744,0.02,0.05,0.05
1723128500,vm101,99.4992488733,4097830912,2018463744,0.02,0.05,0.05
1723128510,vm101,99.5490981963,4097830912,2018463744,0.02,0.05,0.05
1723128520,vm101,99.5493239859,4097830912,2018459648,0.01,0.05,0.04
1723128530,vm101,99.6494742113,4097830912,2018459648,0.01,0.04,0.04
1723128540,vm101,99.6995493239,4097830912,2018459648,0.01,0.04,0.04
1723128550,vm101,98.2473710565,4097830912,2018459648,0.01,0.04,0.04
1723128560,vm101,99.6494742113,4097830912,2018459648,0,0.04,0.04
1723128570,vm101,99.6496496496,4097830912,2018459648,0,0.04,0.03
1723128580,vm101,99.5993990986,4097830912,2018459648,0,0.04,0.03
1723128590,vm101,99.6496496496,4097830912,2018459648,0,0.04,0.03
1723128600,vm101,99.6498249124,4097830912,1985978368,0,0.04,0.03
1723128610,vm101,99.5493239859,4097830912,1985974272,0,0.04,0.03
1723128620,vm101,99.5995995996,4097830912,1988681728,0,0.04,0.03
1723128630,vm101,99.6494742113,4097830912,1990713344,0,0.03,0.03
1723128640,vm101,99.6496496496,4097830912,1990713344,0,0.03,0.02
1723128650,vm101,99.5495495495,4097830912,1990713344,0,0.03,0.02
1723128660,vm101,99.5995995996,4097830912,1990713344,0,0.03,0.02
1723128670,vm101,99.5995995996,4097830912,1990713344,0,0.03,0.02
1723128680,vm101,99.6995493239,4097830912,1990713344,0,0.03,0.02
1723128690,vm101,99.6498249124,4097830912,1989484544,0,0.03,0.02
1723128700,vm101,99.6494742113,4097830912,1989480448,0,0.03,0.02
1723128710,vm101,99.6995493239,4097830912,1989480448,0,0.03,0.02
1723128720,vm101,99.1991991992,4097830912,1989480448,0,0.03,0.02
1723128730,vm101,99.4989979959,4097830912,1993674752,0,0.02,0.02
1723128740,vm101,99.6496496496,4097830912,1993674752,0,0.02,0.02
1723128750,vm101,99.6996996997,4097830912,1993674752,0,0.02,0.01
1723128760,vm101,99.5995995996,4097830912,1993674752,0,0.02,0.01
1723128770,vm101,99.6496496496,4097830912,1993674752,0.08,0.03,0.03
1723128780,vm101,99.7494989979,4097830912,1993674752,0.07,0.03,0.03
1723128790,vm101,99.39969985,4097830912,1993670656,0.06,0.02,0.03
1723128800,vm101,99.7496244366,4097830912,1993670656,0.05,0.02,0.03
1723128810,vm101,99.6993987975,4097830912,1993670656,0.04,0.02,0.03
1723128820,vm101,99.2,4097830912,1993670656,0.03,0.02,0.02
1723128830,vm101,99.5495495495,4097830912,1993670656,0.03,0.02,0.02
1723128840,vm101,99.6494742113,4097830912,1993670656,0.02,0.02,0.02
1723128850,vm101,99.4994994994,4097830912,1993670656,0.02,0.02,0.02
1723128860,vm101,99.6996996997,4097830912,1993670656,0.02,0.02,0.02
1723128870,vm101,99.5495495495,4097830912,1993928704,0.01,0.02,0.02
1723128880,vm101,99.6496496496,4097830912,1993924608,0.01,0.02,0.02
1723128890,vm101,99.6496496496,4097830912,1993924608,0.01,0.02,0.02
1723128900,vm101,99.4997498749,4097830912,1993924608,0.01,0.01,0.02
1723128910,vm101,99.5493239859,4097830912,1993924608,0,0.01,0.02
1723128920,vm101,99.6995493239,4097830912,1993924608,0,0.01,0.01
1723128930,vm101,99.45,4097830912,1993924608,0,0.01,0.01
1723128940,vm101,99.6492985971,4097830912,1993924608,0,0.01,0.01
1723128950,vm101,99.6494742113,4097830912,1993924608,0,0.01,0.01
1723128960,vm101,99.5997999,4097830912,1993924608,0,0.01,0.01
1723128970,vm101,99.5495495495,4097830912,1993920512,0,0.01,0.01
1723128980,vm101,99.6993987975,4097830912,1993920512,0,0.01,0.01
1723128990,vm101,99.6496496496,4097830912,1993920512,0,0.01,0.01
1723129000,vm101,99.6496496496,4097830912,1993920512,0,0,0.01
1723129010,vm101,99.6001999,4097830912,1993936896,0,0,0.01
1723129020,vm101,99.649122807,4097830912,1994166272,0.07,0.01,0.02
1723129030,vm101,99.5493239859,4097830912,1994166272,0.06,0.01,0.02
1723129040,vm101,99.6996996996,4097830912,1994166272,0.05,0.01,0.02
1723129050,vm101,99.6496496496,4097830912,1994166272,0.04,0.01,0.02
1723129060,vm101,99.5995995996,4097830912,1994162176,0.04,0,0.02
1723129070,vm101,99.6494742113,4097830912,1994162176,0.03,0,0.02
1723129080,vm101,99.7494989979,4097830912,1994162176,0.02,0,0.02
1723129090,vm101,99.6492985971,4097830912,1994162176,0.02,0,0.02
1723129100,vm101,99.5995995996,4097830912,1994162176,0.02,0,0.01
1723129110,vm101,99.5993990986,4097830912,1994162176,0.01,0,0.01
1723129120,vm101,99.4994994995,4097830912,1994162176,0.01,0,0.01
1723129130,vm101,99.5991983967,4097830912,1994162176,0.01,0,0.01
1723129140,vm101,99.6995493239,4097830912,1994162176,0.01,0,0.01
1723129150,vm101,99.5495495495,4097830912,1994158080,0.01,0,0.01
1723129160,vm101,99.6496496496,4097830912,1994158080,0,0,0.01
1723129170,vm101,99.6996996997,4097830912,1994158080,0,0,0.01
1723129180,vm101,99.5993990986,4097830912,1994158080,0,0,0.01
1723129190,vm101,99.5997999,4097830912,1994158080,0,0,0.01
1723129200,vm101,99.6494742113,4097830912,1994158080,0,0,0
1723129210,vm101,99.4992488733,4097830912,1994153984,0,0,0
1723129220,vm101,99.6995493239,4097830912,1994153984,0,0,0
1723129230,vm101,99.6,4097830912,1994153984,0,0,0
1723129240,vm101,99.7494989979,4097830912,1994149888,0,0,0
1723129250,vm101,99.6498249124,4097830912,1994149888,0,0,0
1723129260,vm101,99.6993987975,4097830912,1994149888,0,0,0
1723129270,vm101,99.5493239859,4097830912,1994407936,0,0,0
1723129280,vm101,99.6,4097830912,1994407936,0,0,0
1723129290,vm101,99.5997999,4097830912,1994407936,0,0,0
1723129300,vm101,99.6492985971,4097830912,1994407936,0,0,0
1723129310,vm101,99.7496244366,4097830912,1994407936,0,0,0
1723129320,vm101,99.4491737606,4097830912,1994407936,0,0,0
1723129330,vm101,99.5995995995,4097830912,1994407936,0,0,0
1723129340,vm101,99.7496244366,4097830912,1994407936,0,0,0
1723129350,vm101,99.4497248624,4097830912,1994342400,0,0,0
1723129360,vm101,99.6995493239,4097830912,1994338304,0,0,0
1723129370,vm101,99.7497497497,4097830912,1994338304,0,0,0
1723129380,vm101,99.6496496496,4097830912,1994338304,0,0,0
1723129390,vm101,99.5488721804,4097830912,1994338304,0,0,0
1723129400,vm101,99.6996996996,4097830912,1994338304,0,0,0
1723129410,vm101,99.7494989979,4097830912,1994338304,0,0,0
1723129420,vm101,99.4497248624,4097830912,1994338304,0.15,0.01,0.03
1723129430,vm101,99.5995995996,4097830912,1994338304,0.12,0.01,0.03
1723129440,vm101,99.5991983967,4097830912,1994338304,0.1,0.01,0.03
1723129450,vm101,99.3990986479,4097830912,1994334208,0.09,0.01,0.03
1723129460,vm101,99.4494494494,4097830912,1994334208,0.07,0.01,0.03
1723129470,vm101,99.5993990986,4097830912,1994354688,0.06,0.01,0.03
1723129480,vm101,99.5497748874,4097830912,1994358784,0.05,0,0.02
1723129490,vm101,99.5997999,4097830912,1994358784,0.04,0,0.02
1723129500,vm101,99.5495495495,4097830912,1994358784,0.04,0,0.02
1723129510,vm101,99.3990986479,4097830912,1994375168,0.03,0,0.02
1723129520,vm101,99.5993990986,4097830912,1994375168,0.02,0,0.02
1723129530,vm101,99.4992488733,4097830912,1994375168,0.02,0,0.02
1723129540,vm101,99.5993990986,4097830912,1994371072,0.02,0,0.02
1723129550,vm101,99.6,4097830912,1994371072,0.01,0,0.02
1723129560,vm101,99.6494742113,4097830912,1994371072,0.01,0,0.02
1723129570,vm101,99.4992488733,4097830912,1994371072,0.01,0,0.02
1723129580,vm101,99.6496496496,4097830912,1992564736,0.01,0,0.02
1723129590,vm101,99.6496496496,4097830912,1992564736,0.01,0,0.01
1723129600,vm101,99.7494989979,4097830912,1992564736,0,0,0.01
1723129610,vm101,99.5997999,4097830912,1992564736,0,0,0.01
1723129620,vm101,99.5495495495,4097830912,1992564736,0,0,0.01
1723129630,vm101,99.4992488733,4097830912,1992560640,0,0,0.01
1723129640,vm101,99.5995995996,4097830912,1992560640,0,0,0.01
1723129650,vm101,99.6494742113,4097830912,1992560640,0,0,0.01
1723129660,vm101,99.5495495495,4097830912,1992560640,0,0,0.01
1723129670,vm101,99.6492985971,4097830912,1992560640,0,0,0.01
1723129680,vm101,99.5995995996,4097830912,1992560640,0,0,0.01
1723129690,vm101,99.5989974937,4097830912,1992560640,0,0,0
1723129700,vm101,99.6995493239,4097830912,1992560640,0,0,0
1723129710,vm101,99.5497748874,4097830912,1992560640,0,0,0
1723129720,vm101,99.6993987975,4097830912,1992556544,0,0,0
1723129730,vm101,99.6995493239,4097830912,1992556544,0,0,0
1723129740,vm101,99.5504495504,4097830912,1992556544,0,0,0
1723129750,vm101,99.6489468405,4097830912,1992556544,0,0,0
1723129760,vm101,99.5995995996,4097830912,1992556544,0,0,0
1723129770,vm101,99.6993987975,4097830912,1992556544,0,0,0
1723129780,vm101,99.4497248624,4097830912,1992556544,0,0,0
1723129790,vm101,99.5493239859,4097830912,1992556544,0,0,0
1723129800,vm101,99.5493239859,4097830912,1992556544,0,0,0
1723129810,vm101,99.3496748374,4097830912,1992552448,0,0,0
1723129820,vm101,99.5989974937,4097830912,1992552448,0,0,0
1723129830,vm101,99.5995995996,4097830912,1992552448,0,0,0
1723129840,vm101,99.5997999,4097830912,1992552448,0,0,0
1723129850,vm101,99.6993987976,4097830912,1992552448,0,0,0
1723129860,vm101,99.6496496496,4097830912,1992552448,0,0,0
1723129870,vm101,99.4491737606,4097830912,1992552448,0,0,0
1723129880,vm101,98.5971943887,4097830912,1977470976,0,0,0
1723129890,vm101,99.6995493239,4097830912,1977729024,0,0,0
1723129900,vm101,99.5993990986,4097830912,1977982976,0,0,0
1723129910,vm101,99.2492492492,4097830912,1977982976,0,0,0
1723129920,vm101,99.4488977955,4097830912,1977982976,0,0,0
1723129930,vm101,99.0485728592,4097830912,1977982976,0,0,0
1723129940,vm101,99.5997999,4097830912,1978212352,0,0,0
1723129950,vm101,99.6496496496,4097830912,1978212352,0,0,0
1723129960,vm101,99.6995493239,4097830912,1978212352,0,0,0
1723129970,vm101,99.5995995996,4097830912,1978470400,0,0,0
1723129980,vm101,99.6993987975,4097830912,1978470400,0,0,0
1723129990,vm101,99.4994994995,4097830912,1978466304,0,0,0
1723130000,vm101,99.5997999,4097830912,1978466304,0,0,0
1723130010,vm101,99.5993990986,4097830912,1978466304,0,0,0
1723130020,vm101,99.5993990986,4097830912,1978466304,0,0,0
1723130030,vm101,99.5497748874,4097830912,1978466304,0,0,0
1723130040,vm101,99.6496496496,4097830912,1978466304,0,0,0
1723130050,vm101,99.5490981963,4097830912,1978466304,0.15,0.01,0.03
1723130060,vm101,99.55,4097830912,1978466304,0.2,0.02,0.05
1723130070,vm101,99.5993990986,4097830912,1979752448,0.24,0.02,0.06
1723130080,vm101,99.6494742113,4097830912,1979748352,0.35,0.03,0.09
1723130090,vm101,99.7493734335,4097830912,1979748352,0.37,0.04,0.11
1723130100,vm101,99.4494494494,4097830912,1979748352,0.39,0.04,0.12
1723130110,vm101,99.5493239859,4097830912,1979748352,0.4,0.04,0.13
1723130120,vm101,99.6494742113,4097830912,1980006400,0.34,0.04,0.13
1723130130,vm101,99.5497748874,4097830912,1980006400,0.29,0.04,0.12
1723130140,vm101,99.5989974937,4097830912,1980006400,0.24,0.04,0.12
1723130150,vm101,99.5,4097830912,1980006400,0.2,0.04,0.11
1723130160,vm101,99.7494989979,4097830912,1980006400,0.17,0.04,0.11
1723130170,vm101,99.2492492492,4097830912,1980776448,0.29,0.05,0.14
1723130180,vm101,99.7494989979,4097830912,1980776448,0.25,0.05,0.13
1723130190,vm101,99.6494742113,4097830912,1980776448,0.21,0.05,0.13
1723130200,vm101,99.5995995996,4097830912,1980776448,0.18,0.05,0.12
1723130210,vm101,99.5495495495,4097830912,1980776448,0.15,0.05,0.12
1723130220,vm101,99.6992481202,4097830912,1980776448,0.12,0.05,0.11
1723130230,vm101,99.4497248624,4097830912,1980776448,0.11,0.04,0.11
1723130240,vm101,99.6995493239,4097830912,1980776448,0.09,0.04,0.11
1723130250,vm101,99.6995493239,4097830912,1980776448,0.07,0.04,0.1
1723130260,vm101,99.4994994995,4097830912,1980772352,0.14,0.05,0.11
1723130270,vm101,99.4497248624,4097830912,1980772352,0.12,0.05,0.11
1723130280,vm101,99.4992488733,4097830912,1980772352,0.1,0.05,0.11
1723130290,vm101,99.5989974937,4097830912,1980772352,0.09,0.04,0.1
1723130300,vm101,99.6496496496,4097830912,1980772352,0.07,0.04,0.1
1723130310,vm101,99.6995493239,4097830912,1980772352,0.06,0.04,0.1
1723130320,vm101,99.5495495495,4097830912,1980772352,0.05,0.04,0.09
1723130330,vm101,99.45,4097830912,1980772352,0.04,0.04,0.09
1723130340,vm101,99.6993987975,4097830912,1980772352,0.04,0.04,0.08
1723130350,vm101,99.39969985,4097830912,1980772352,0.03,0.04,0.08
1723130360,vm101,99.5995995995,4097830912,1980772352,0.02,0.04,0.08
1723130370,vm101,99.6993987975,4097830912,1980772352,0.02,0.04,0.08
1723130380,vm101,99.5495495495,4097830912,1980768256,0.02,0.04,0.07
1723130390,vm101,99.5993990986,4097830912,1980768256,0.01,0.03,0.07
1723130400,vm101,99.4989979959,4097830912,1980686336,0.08,0.04,0.08
1723130410,vm101,99.2989484226,4097830912,1980686336,0.07,0.04,0.08
1723130420,vm101,99.6496496496,4097830912,1980686336,0.06,0.04,0.08
1723130430,vm101,99.6995493239,4097830912,1980686336,0.05,0.04,0.08
1723130440,vm101,99.7493734335,4097830912,1980686336,0.04,0.04,0.07
1723130450,vm101,99.4997498749,4097830912,1980686336,0.04,0.03,0.07
1723130460,vm101,99.6492985971,4097830912,1980686336,0.19,0.04,0.1
1723130470,vm101,99.1495747874,4097830912,1980682240,0.16,0.04,0.1
1723130480,vm101,99.6492985971,4097830912,1980682240,0.14,0.04,0.09
1723130490,vm101,99.6496496496,4097830912,1980682240,0.11,0.04,0.09
1723130500,vm101,99.4,4097830912,1980682240,0.1,0.04,0.08
1723130510,vm101,99.7494989979,4097830912,1980682240,0.08,0.04,0.08
1723130520,vm101,99.1987981972,4097830912,1980682240,0.07,0.04,0.08
1723130530,vm101,99.5490981963,4097830912,1980682240,0.06,0.04,0.08
1723130540,vm101,99.6995493239,4097830912,1980682240,0.05,0.04,0.07
1723130550,vm101,99.5995995996,4097830912,1980682240,0.04,0.04,0.07
1723130560,vm101,99.6496496496,4097830912,1980678144,0.03,0.04,0.07
1723130570,vm101,99.5993990986,4097830912,1980678144,0.03,0.03,0.06
1723130580,vm101,99.5995995996,4097830912,1980678144,0.02,0.03,0.06
1723130590,vm101,99.4994994994,4097830912,1980678144,0.02,0.03,0.06
1723130600,vm101,99.7494989979,4097830912,1980678144,0.02,0.03,0.06
1723130610,vm101,99.6995493239,4097830912,1980678144,0.01,0.03,0.05
1723130620,vm101,99.4994994995,4097830912,1980678144,0.01,0.03,0.05
1723130630,vm101,99.6995493239,4097830912,1980678144,0.01,0.03,0.05
1723130640,vm101,99.6494742113,4097830912,1980678144,0.01,0.03,0.05
1723130650,vm101,99.4494494494,4097830912,1980674048,0,0.03,0.05
1723130660,vm101,99.6995493239,4097830912,1980674048,0,0.03,0.04
1723130670,vm101,99.6992481202,4097830912,1980674048,0,0.02,0.04
1723130680,vm101,99.5995995996,4097830912,1980674048,0,0.02,0.04
1723130690,vm101,99.6494742113,4097830912,1980674048,0,0.02,0.04
1723130700,vm101,99.5993990986,4097830912,1980674048,0,0.02,0.04
1723130710,vm101,99.4494494494,4097830912,1980674048,0,0.02,0.04
1723130720,vm101,99.5989974937,4097830912,1980932096,0,0.02,0.03
1723130730,vm101,99.5997999,4097830912,1980932096,0,0.02,0.03
1723130740,vm101,99.6492985971,4097830912,1980928000,0,0.02,0.03
1723130750,vm101,99.6995493239,4097830912,1980928000,0,0.02,0.03
1723130760,vm101,99.6496496496,4097830912,1980928000,0,0.02,0.03
1723130770,vm101,99.3993993994,4097830912,1980928000,0,0.01,0.03
1723130780,vm101,99.3987975951,4097830912,1980928000,0.08,0.02,0.04
1723130790,vm101,99.6494742113,4097830912,1980928000,0.07,0.02,0.04
1723130800,vm101,99.5995995995,4097830912,1980928000,0.06,0.02,0.04
1723130810,vm101,99.7494989979,4097830912,1980928000,0.05,0.02,0.04
1723130820,vm101,99.5497748874,4097830912,1981444096,0.04,0.02,0.03
1723130830,vm101,99.5497748874,4097830912,1981440000,0.03,0.01,0.03
1723130840,vm101,99.6992481202,4097830912,1981440000,0.03,0.01,0.03
1723130850,vm101,99.6496496496,4097830912,1981440000,0.02,0.01,0.03
1723130860,vm101,99.6492985971,4097830912,1981440000,0.02,0.01,0.03
1723130870,vm101,99.5497748874,4097830912,1981440000,0.02,0.01,0.03
1723130880,vm101,99.7493734335,4097830912,1981440000,0.01,0.01,0.03
1723130890,vm101,99.4992488733,4097830912,1981440000,0.01,0.01,0.02
1723130900,vm101,99.5497748874,4097830912,1981440000,0.01,0.01,0.02
1723130910,vm101,99.6494742113,4097830912,1981440000,0.01,0.01,0.02
1723130920,vm101,99.6494742113,4097830912,1981435904,0,0.01,0.02
1723130930,vm101,99.6496496496,4097830912,1981435904,0,0,0.02
1723130940,vm101,99.5993990986,4097830912,1981435904,0,0,0.02
1723130950,vm101,99.4491737606,4097830912,1981435904,0,0,0.02
1723130960,vm101,99.6494742113,4097830912,1981435904,0,0,0.02
1723130970,vm101,99.5495495495,4097830912,1981435904,0,0,0.02
1723130980,vm101,99.5993990986,4097830912,1981435904,0,0,0.02
1723130990,vm101,99.5995995995,4097830912,1981435904,0,0,0.02
1723131000,vm101,99.6494742113,4097830912,1981435904,0,0,0.01
1723131010,vm101,99.3993993994,4097830912,1981427712,0,0,0.01
1723131020,vm101,99.6995493239,4097830912,1981427712,0,0,0.01
1723131030,vm101,99.6494742113,4097830912,1981427712,0,0,0.01
1723131040,vm101,99.6492985971,4097830912,1981427712,0,0,0.01
1723131050,vm101,99.6494742113,4097830912,1981427712,0,0,0.01
1723131060,vm101,99.5995995995,4097830912,1981427712,0,0,0.01
1723131070,vm101,99.3987975951,4097830912,1981427712,0,0,0.01
1723131080,vm101,99.6494742113,4097830912,1981427712,0,0,0.01
1723131090,vm101,99.6496496496,4097830912,1981427712,0,0,0.01
1723131100,vm101,99.649122807,4097830912,1981423616,0,0,0
1723131110,vm101,99.6496496496,4097830912,1981423616,0,0,0
1723131120,vm101,99.3490235352,4097830912,1981423616,0,0,0
1723131130,vm101,99.4994994995,4097830912,1981423616,0,0,0
1723131140,vm101,99.7493734335,4097830912,1981423616,0,0,0
1723131150,vm101,99.6496496496,4097830912,1981423616,0,0,0
1723131160,vm101,99.6494742113,4097830912,1981423616,0,0,0
1723131170,vm101,99.6993987976,4097830912,1981423616,0,0,0
1723131180,vm101,99.5502248875,4097830912,1981423616,0,0,0
1723131190,vm101,99.2992992992,4097830912,1981419520,0,0,0
1723131200,vm101,99.6494742113,4097830912,1981419520,0,0,0
1723131210,vm101,99.6492985971,4097830912,1981419520,0,0,0
1723131220,vm101,99.0485728592,4097830912,1981485056,0,0,0
1723131230,vm101,99.6494742113,4097830912,1981485056,0,0,0
1723131240,vm101,99.5,4097830912,1981485056,0,0,0
1723131250,vm101,99.4488977956,4097830912,1981485056,0,0,0
1723131260,vm101,99.5493239859,4097830912,1981485056,0,0,0
1723131270,vm101,99.5993990986,4097830912,1981485056,0,0,0
1723131280,vm101,99.5995995996,4097830912,1981480960,0,0,0
1723131290,vm101,99.6494742113,4097830912,1981480960,0,0,0
1723131300,vm101,99.6995493239,4097830912,1981480960,0,0,0
1723131310,vm101,99.4994994994,4097830912,1981480960,0,0,0
1723131320,vm101,99.4497248624,4097830912,1981480960,0,0,0
1723131330,vm101,99.4491737606,4097830912,1981378560,0,0,0
1723131340,vm101,99.4994994994,4097830912,1981378560,0,0,0
1723131350,vm101,99.6995493239,4097830912,1981378560,0,0,0
1723131360,vm101,99.6993987975,4097830912,1981378560,0.08,0.01,0.02
1723131370,vm101,99.1491491491,4097830912,1981636608,0.07,0,0.02
1723131380,vm101,99.7494989979,4097830912,1981636608,0.06,0,0.01
1723131390,vm101,99.5497748874,4097830912,1981636608,0.05,0,0.01
1723131400,vm101,99.5995995996,4097830912,1981632512,0.04,0,0.01
1723131410,vm101,99.6995493239,4097830912,1981632512,0.03,0,0.01
1723131420,vm101,99.4994994995,4097830912,1981632512,0.03,0,0.01
1723131430,vm101,99.5493239859,4097830912,1981632512,0.02,0,0.01
1723131440,vm101,99.6492985971,4097830912,1981632512,0.02,0,0.01
1723131450,vm101,99.5495495495,4097830912,1981632512,0.02,0,0.01
